﻿action_type_code,amount_1,timestamp_1_ts,timestamp_2_ts
FUND-NatlNetSettlement,593734532.1,6/10/19,20190610 08:33
FUND-OtherBalance,541033109.1,6/10/19,20190610 08:33
FUND-NatlNetSettlement,5999924229,6/10/19,20190610 08:44
FUND-NatlNetSettlement,606804815.6,6/10/19,20190610 09:57
FUND-NatlNetSettlement,628447536.8,6/10/19,20190610 11:37
FUND-NatlNetSettlement,701820752.6,6/10/19,20190610 12:54
FUND-NatlNetSettlement,14311588130,6/10/19,20190610 16:13
FUND-OtherBalance,536309963,6/10/19,20190610 16:13
FUND-NatlNetSettlement,14309085149,6/10/19,20190610 17:06
FUND-OtherBalance,535249024.9,6/10/19,20190610 17:06
FUND-nonAvialBal,-108001.3,6/10/19,20190610 17:21
FUND-nonAvialBal,-219837.05,6/10/19,20190610 17:36
FUND-NatlNetSettlement,0,6/10/19,20190610 19:36
FUND-nonAvialBal,0,6/10/19,20190610 19:36
FUND-OtherBalance,0,6/10/19,20190610 19:36